fileName,desc,title,subtitle
https://editor.p5js.org/eta_car1nae/full/CVmwThnw8,This draws squares of light!,Squares of Light,/or was it dark/
https://editor.p5js.org/eta_car1nae/full/Za3KX3uWt,temp,temp,temp
https://editor.p5js.org/eta_car1nae/full/RUzgcYars,temp,temp,temp
https://editor.p5js.org/eta_car1nae/full/juXVpd04U,temp,temp,temp
https://editor.p5js.org/eta_car1nae/full/CCpzi3vPr,temp,temp,temp
https://editor.p5js.org/eta_car1nae/full/dn8a_GkWX,temp,temp,temp
https://editor.p5js.org/eta_car1nae/full/EVEtUdSbN,temp,temp,temp
https://editor.p5js.org/eta_car1nae/full/c8_EFgugN,temp,temp,temp
https://editor.p5js.org/eta_car1nae/full/JIbeez0nI,temp,temp,temp
https://editor.p5js.org/eta_car1nae/full/6YRBDMLM-,temp,temp,temp
https://editor.p5js.org/eta_car1nae/full/365-PGEYl,temp,temp,temp
https://editor.p5js.org/eta_car1nae/full/FMWxwQXSb,temp,temp,temp
https://editor.p5js.org/eta_car1nae/full/JdBAMY2OV,temp,temp,temp
https://editor.p5js.org/eta_car1nae/full/gAxy7MIgB,temp,temp,temp
https://editor.p5js.org/eta_car1nae/full/-rGN8n-7J,temp,temp,temp
https://editor.p5js.org/eta_car1nae/full/WNnC_25wP,temp,temp,temp
https://editor.p5js.org/eta_car1nae/full/VHxUSPiYJ,temp,temp,temp
https://editor.p5js.org/eta_car1nae/full/jrngsSH01,temp,temp,temp
https://editor.p5js.org/eta_car1nae/full/ye8_Xx7sB,temp,temp,temp
